{
  "products": [
    {
      "id": 1,
      "name": "HUAWEI Mate 60 Pro",
      "category": "phone",
      "price": 6999,
      "originalPrice": 7999,
      "image": "/images/products/mate60pro.jpg",
      "images": [
        "/images/products/mate60pro.jpg",
        "/images/products/mate60pro-2.jpg",
        "/images/products/mate60pro-3.jpg"
      ],
      "description": "搭载麒麟9000S处理器，卫星通信，北斗卫星消息",
      "specs": {
        "屏幕": "6.82英寸OLED曲面屏",
        "处理器": "麒麟9000S",
        "存储": "12GB+512GB",
        "电池": "5000mAh",
        "相机": "5000万像素超感知主摄"
      },
      "stock": 100,
      "sales": 5280,
      "rating": 4.9
    },
    {
      "id": 2,
      "name": "HUAWEI P60 Pro",
      "category": "phone",
      "price": 6488,
      "originalPrice": 6988,
      "image": "/images/products/p60pro.jpg",
      "images": [
        "/images/products/p60pro.jpg",
        "/images/products/p60pro-2.jpg",
        "/images/products/p60pro-3.jpg"
      ],
      "description": "超聚光夜视长焦，洛可可白配色，影像旗舰",
      "specs": {
        "屏幕": "6.67英寸OLED四曲屏",
        "处理器": "骁龙8+ Gen 1",
        "存储": "8GB+256GB",
        "电池": "4815mAh",
        "相机": "4800万像素超聚光摄像头"
      },
      "stock": 200,
      "sales": 3520,
      "rating": 4.8
    },
    {
      "id": 3,
      "name": "HUAWEI MatePad Pro 13.2",
      "category": "tablet",
      "price": 4299,
      "originalPrice": 4599,
      "image": "/images/products/matepad-pro.jpg",
      "images": [
        "/images/products/matepad-pro.jpg",
        "/images/products/matepad-pro-2.jpg",
        "/images/products/matepad-pro-3.jpg"
      ],
      "description": "13.2英寸OLED原色屏，星闪手写笔，PC级WPS",
      "specs": {
        "屏幕": "13.2英寸OLED屏",
        "处理器": "麒麟9000S",
        "存储": "12GB+512GB",
        "电池": "10100mAh",
        "系统": "HarmonyOS 4.0"
      },
      "stock": 150,
      "sales": 2100,
      "rating": 4.9
    },
    {
      "id": 4,
      "name": "HUAWEI WATCH Ultimate",
      "category": "watch",
      "price": 7999,
      "originalPrice": 8999,
      "image": "/images/products/watch-ultimate.jpg",
      "images": [
        "/images/products/watch-ultimate.jpg",
        "/images/products/watch-ultimate-2.jpg",
        "/images/products/watch-ultimate-3.jpg"
      ],
      "description": "深海探索，百米深潜，双向北斗卫星消息",
      "specs": {
        "屏幕": "1.5英寸LTPO AMOLED",
        "材质": "非晶锆合金",
        "防水": "IP68 + 10ATM",
        "续航": "典型使用14天",
        "功能": "ECG、血氧、体温检测"
      },
      "stock": 50,
      "sales": 890,
      "rating": 4.9
    },
    {
      "id": 5,
      "name": "HUAWEI MateBook X Pro 2023",
      "category": "laptop",
      "price": 13999,
      "originalPrice": 14999,
      "image": "/images/products/matebook-xpro.jpg",
      "images": [
        "/images/products/matebook-xpro.jpg",
        "/images/products/matebook-xpro-2.jpg",
        "/images/products/matebook-xpro-3.jpg"
      ],
      "description": "14.2英寸原色屏，超轻薄金属机身，智慧体验",
      "specs": {
        "屏幕": "14.2英寸3.1K原色触控屏",
        "处理器": "第13代英特尔酷睿i7",
        "存储": "16GB+1TB SSD",
        "重量": "1.26kg",
        "电池": "60Wh"
      },
      "stock": 80,
      "sales": 1560,
      "rating": 4.8
    },
    {
      "id": 6,
      "name": "HUAWEI FreeBuds Pro 3",
      "category": "earphone",
      "price": 1499,
      "originalPrice": 1699,
      "image": "/images/products/freebuds-pro3.jpg",
      "images": [
        "/images/products/freebuds-pro3.jpg",
        "/images/products/freebuds-pro3-2.jpg",
        "/images/products/freebuds-pro3-3.jpg"
      ],
      "description": "星闪连接，智慧动态降噪3.0，HiRes音质",
      "specs": {
        "降噪": "智慧动态降噪3.0",
        "音质": "HiRes认证",
        "续航": "单次6.5小时",
        "连接": "星闪连接",
        "防水": "IP54"
      },
      "stock": 300,
      "sales": 4200,
      "rating": 4.7
    }
  ],
  "categories": [
    {
      "id": "phone",
      "name": "手机",
      "icon": "Cellphone",
      "image": "/images/categories/phone.jpg"
    },
    {
      "id": "tablet",
      "name": "平板",
      "icon": "Monitor",
      "image": "/images/categories/tablet.jpg"
    },
    {
      "id": "laptop",
      "name": "笔记本",
      "icon": "Monitor",
      "image": "/images/categories/laptop.jpg"
    },
    {
      "id": "watch",
      "name": "手表",
      "icon": "Watch",
      "image": "/images/categories/watch.jpg"
    },
    {
      "id": "earphone",
      "name": "耳机",
      "icon": "Headset",
      "image": "/images/categories/earphone.jpg"
    }
  ],
  "banners": [
    {
      "id": 1,
      "image": "/images/banners/banner1.jpg",
      "title": "Mate 60 系列",
      "subtitle": "向上捅破天",
      "link": "/product/1"
    },
    {
      "id": 2,
      "image": "/images/banners/banner2.jpg",
      "title": "P60 系列",
      "subtitle": "洛可可白 影像旗舰",
      "link": "/product/2"
    },
    {
      "id": 3,
      "image": "/images/banners/banner3.jpg",
      "title": "MatePad Pro",
      "subtitle": "创造力 新维度",
      "link": "/product/3"
    }
  ],
  "users": [
    {
      "id": 1,
      "username": "user001",
      "nickname": "华为用户",
      "avatar": "/images/avatars/user1.jpg",
      "phone": "138****1234",
      "email": "user@example.com",
      "points": 2580,
      "level": "金牌会员"
    }
  ],
  "cart": [],
  "orders": []
}